0x396cc043ff8	16	1
0x396cc0459cf	19	1
0x396cc047309	20	1
0x396cc047958	26	1
0x396cc9ce6cb	16	0
0x396cc9cf6de	19	0
0x396cc9cff69	20	0
0x396cc9d138d	26	0
0x396cd357875	16	1
0x396cd358bc9	19	0
0x396cd359148	20	0
0x396cd35a70c	26	0
0x396cdce10d6	16	0
0x396cdce2563	19	0
0x396cdce305f	20	0
0x396cdce4ad2	26	0
0x396ce66a7cb	16	1
0x396ce66c6ec	19	0
0x396ce66ce3f	20	0
0x396ce66e640	26	0
0x396ceff3152	16	0
0x396ceff43d5	19	0
0x396ceff6156	20	0
0x396ceff6708	26	0
0x396cf97cb88	16	1
0x396cf97e62f	19	0
0x396cf98044b	20	0
0x396cf9810e8	26	0
0x396d03050c9	16	0
0x396d0306eb1	19	0
0x396d0307638	20	0
0x396d0307ab2	26	0
0x396d0c9087f	16	1
0x396d0c91eac	19	0
0x396d0c92492	20	0
0x396d0c93c94	26	0
0x396d1619925	16	0
0x396d161ab74	19	0
0x396d161b63d	20	0
0x396d161cf77	26	0
0x396d1fa376c	16	1
0x396d1fa4cfd	19	0
0x396d1fa55bc	20	0
0x396d1fa6b81	26	0
0x396d292b763	16	0
0x396d292c94a	19	0
0x396d292e79b	20	0
0x396d292ecb1	26	0
0x396d32b4f90	16	1
0x396d32b682e	19	0
0x396d32b7ffc	20	0
0x396d32b87b7	26	0
0x396d3c3e4b0	16	0
0x396d3c3f48e	19	0
0x396d3c40c28	20	0
0x396d3c410d6	26	0
0x396d45c919d	16	1
0x396d45cad14	19	0
0x396d45cb397	20	0
0x396d45ccf42	26	0
0x396d4f52b37	16	0
0x396d4f53c1a	19	0
0x396d4f5467a	20	0
0x396d4f55c3f	26	0
0x396d58d8ba5	16	1
0x396d58d9d58	19	0
0x396d58da6b4	20	0
0x396d58de3f1	26	0
0x396d62620c5	16	0
0x396d6262bf5	19	0
0x396d626445f	20	0
0x396d6264e8b	26	0
0x396d6beb478	16	1
0x396d6bec149	19	0
0x396d6bed8ae	20	0
0x396d6bee343	26	0
0x396d7574ca5	16	0
0x396d7575a12	19	0
0x396d7576543	20	0
0x396d7577d45	26	0
0x396d7efe08c	16	1
0x396d7efee61	19	0
0x396d7f007d0	20	0
0x396d7f01160	26	0
0x396d888767c	16	0
0x396d8888fea	19	0
0x396d8889a7f	20	0
0x396d888a3da	26	0
0x396d9210da4	16	1
0x396d9211b46	19	0
0x396d921337c	20	0
0x396d9213da8	26	0
0x396d9b9a3c8	16	0
0x396d9b9bd9f	19	0
0x396d9b9c868	20	0
0x396d9b9d1c3	26	0
0x396da523b25	16	1
0x396da5247c2	19	0
0x396da525ff8	20	0
0x396da5269f0	26	0
0x396daead079	16	0
0x396daeae97f	19	0
0x396daeaf3df	20	0
0x396daeafd07	26	0
0x396db83676d	16	1
0x396db8375df	19	0
0x396db838e15	20	0
0x396db839841	26	0
0x396dc1bfdc6	16	0
0x396dc1c0c37	19	0
0x396dc1c253e	20	0
0x396dc1c2f6a	26	0
0x396dcb493b6	16	1
0x396dcb4ae91	19	0
0x396dcb4b855	20	0
0x396dcb4c219	26	0
0x396dd4d2a42	16	0
0x396dd4d43e4	19	0
0x396dd4d4e79	20	0
0x396dd4d5809	26	0
0x396dde5c0ce	16	1
0x396dde5db41	19	0
0x396dde5e505	20	0
0x396dde5ee95	26	0
0x396de7e575a	16	0
0x396de7e71cd	19	0
0x396de7e7bc5	20	0
0x396de7e8555	26	0
0x396df16eeeb	16	1
0x396df16fc8d	19	0
0x396df1715fb	20	0
0x396df172027	26	0
0x396dfaf840b	16	0
0x396dfaf9e16	19	0
0x396dfafa7da	20	0
0x396dfafb169	26	0
0x396e0481acb	16	1
0x396e048350a	19	0
0x396e0483e9a	20	0
0x396e048485e	26	0
0x396e0e0b123	16	0
0x396e0e0cb62	19	0
0x396e0e0d55a	20	0
0x396e0e0df1e	26	0
0x396e17947b0	16	1
0x396e1796223	19	0
0x396e1796c4f	20	0
0x396e17975ab	26	0
0x396e211df0c	16	0
0x396e211ecae	19	0
0x396e21204b0	20	0
0x396e2120ea8	26	0
0x396e2aa74c8	16	1
0x396e2aa8f6f	19	0
0x396e2aa9485	20	0
0x396e2aaabb7	26	0
0x396e3430b55	16	0
0x396e34325fc	19	0
0x396e3432ff4	20	0
0x396e3433984	26	0
0x396e3dba179	16	1
0x396e3dbbbec	19	0
0x396e3dbc57b	20	0
0x396e3dbcf0b	26	0
0x396e4743839	16	0
0x396e47451dc	19	0
0x396e4745bd4	20	0
0x396e4746564	26	0
0x396e50cd30b	16	1
0x396e50ce1e5	19	0
0x396e50ceb75	20	0
0x396e50d06b8	26	0
0x396e5a56586	16	0
0x396e5a58095	19	0
0x396e5a58577	20	0
0x396e5a59cdc	26	0
0x396e63dfbaa	16	1
0x396e63e1651	19	0
0x396e63e2015	20	0
0x396e63e29d9	26	0
0x396e6d6926a	16	0
0x396e6d6ac75	19	0
0x396e6d6b639	20	0
0x396e6d6bffd	26	0
0x396e76f285a	16	1
0x396e76f4301	19	0
0x396e76f4cc5	20	0
0x396e76f5655	26	0
0x396e807bfeb	16	0
0x396e807cd24	19	0
0x396e807e526	20	0
0x396e807ef1e	26	0
0x396e8a055a7	16	1
0x396e8a07082	19	0
0x396e8a07a7a	20	0
0x396e8a0843e	26	0
0x396e938ec9b	16	0
0x396e9390672	19	0
0x396e939106a	20	0
0x396e93919fa	26	0
0x396e9d18328	16	1
0x396e9d19d9a	19	0
0x396e9d1a2b1	20	0
0x396e9d1ba16	26	0
0x396ea6a194c	16	0
0x396ea6a3356	19	0
0x396ea6a3d4f	20	0
0x396ea6a4713	26	0
0x396eb02b074	16	1
0x396eb02bd7a	19	0
0x396eb02d618	20	0
0x396eb02e078	26	0
0x396eb9b45fc	16	0
0x396eb9b610b	19	0
0x396eb9b6acf	20	0
0x396eb9b745f	26	0
0x396ec33dcf1	16	1
0x396ec33f763	19	0
0x396ec340127	20	0
0x396ec340b20	26	0
0x396eccc7315	16	0
0x396eccc8dbc	19	0
0x396eccc97e8	20	0
0x396eccca1ac	26	0
0x396ed650a71	16	1
0x396ed651813	19	0
0x396ed652fe1	20	0
0x396ed6539a5	26	0
0x396edfda095	16	0
0x396edfdbc0d	19	0
0x396edfdc123	20	0
0x396edfdcb4f	26	0
0x396ee963756	16	1
0x396ee96445b	19	0
0x396ee965bc1	20	0
0x396ee9665ed	26	0
0x396ef2ecd12	16	0
0x396ef2ee7b9	19	0
0x396ef2ef1b1	20	0
0x396ef2efb41	26	0
0x396efc7636a	16	1
0x396efc77e79	19	0
0x396efc787d5	20	0
0x396efc79165	26	0
0x396f05ffa93	16	0
0x396f060149d	19	0
0x396f0601e61	20	0
0x396f06027f1	26	0
0x396f0f890b7	16	1
0x396f0f8aac1	19	0
0x396f0f8b451	20	0
0x396f0f8be15	26	0
0x396f1912777	16	0
0x396f1914286	19	0
0x396f191479c	20	0
0x396f1915ece	26	0
0x396f229bdcf	16	1
0x396f229d8de	19	0
0x396f229ddc0	20	0
0x396f229f526	26	0
0x396f2c2545c	16	0
0x396f2c26e66	19	0
0x396f2c2785e	20	0
0x396f2c281ee	26	0
0x396f35aeab4	16	1
0x396f35b055b	19	0
0x396f35b0eeb	20	0
0x396f35b18af	26	0
0x396f3f38210	16	0
0x396f3f3928b	19	0
0x396f3f3aa8d	20	0
0x396f3f3b485	26	0
0x396f48c1798	16	1
0x396f48c323f	19	0
0x396f48c3c6b	20	0
0x396f48c45fb	26	0
0x396f524aef5	16	0
0x396f524c900	19	0
0x396f524ce16	20	0
0x396f524e57b	26	0
0x396f5bd461d	16	1
0x396f5bd548f	19	0
0x396f5bd6c91	20	0
0x396f5bd7689	26	0
0x396f655dc42	16	0
0x396f655ea4b	19	0
0x396f6560219	20	0
0x396f6560c45	26	0
0x396f6ee71c9	16	1
0x396f6ee8c70	19	0
0x396f6ee9600	20	0
0x396f6ee9fc4	26	0
0x396f7870856	16	0
0x396f7872190	19	0
0x396f7872b20	20	0
0x396f78734b0	26	0
0x396f81f9fe6	16	1
0x396f81fad20	19	0
0x396f81fc556	20	0
0x396f81fcfb6	26	0
0x396f8b8356e	16	0
0x396f8b85049	19	0
0x396f8b854f7	20	0
0x396f8b86c29	26	0
0x396f950cc97	16	1
0x396f950da38	19	0
0x396f950f373	20	0
0x396f950fd9f	26	0
0x396f9e962ef	16	0
0x396f9e97cfa	19	0
0x396f9e986f2	20	0
0x396f9e99082	26	0
0x396fa81f8ab	16	1
0x396fa8212ea	19	0
0x396fa821ce2	20	0
0x396fa8226da	26	0
0x396fb1a8f6b	16	0
0x396fb1aa9de	19	0
0x396fb1ab3d6	20	0
0x396fb1abd9a	26	0
0x396fbb325c3	16	1
0x396fbb3406a	19	0
0x396fbb34581	20	0
0x396fbb35ce6	26	0
0x396fc4bbd20	16	0
0x396fc4bc9f1	19	0
0x396fc4be28f	20	0
0x396fc4becbc	26	0
0x396fce452a8	16	1
0x396fce46d4f	19	0
0x396fce476df	20	0
0x396fce480a3	26	0
0x396fd7ce900	16	0
0x396fd7d040f	19	0
0x396fd7d09c2	20	0
0x396fd7d1422	26	0
0x396fe157fc1	16	1
0x396fe159a67	19	0
0x396fe15a494	20	0
0x396fe15ae58	26	0
0x396feae16b5	16	0
0x396feae3023	19	0
0x396feae3a84	20	0
0x396feae4414	26	0
0x396ff46ad41	16	1
0x396ff46ba13	19	0
0x396ff46d1ac	20	0
0x396ff46db70	26	0
0x396ffdf4331	16	0
0x396ffdf5da4	19	0
0x396ffdf6804	20	0
0x396ffdf71c8	26	0
0x3970077d9be	16	1
0x3970077f499	19	0
0x3970077fe91	20	0
0x39700780821	26	0
0x3970110707e	16	0
0x39701108a55	19	0
0x39701109419	20	0
0x39701109ddd	26	0
0x39701a906d6	16	1
0x39701a9217d	19	0
0x39701a92b75	20	0
0x39701a93505	26	0
0x39702419d2e	16	0
0x3970241b7d5	19	0
0x3970241c201	20	0
0x3970241cbc5	26	0
0x39702da33bb	16	1
0x39702da4df9	19	0
0x39702da57f1	20	0
0x39702da6181	26	0
0x3970372ca7b	16	0
0x3970372e486	19	0
0x3970372ee7e	20	0
0x3970372f80e	26	0
0x397040b6037	16	1
0x397040b7ade	19	0
0x397040b84d6	20	0
0x397040b8ece	26	0
0x39704a3f72b	16	0
0x39704a411d2	19	0
0x39704a41bca	20	0
0x39704a4255a	26	0
0x397053c8e20	16	1
0x397053ca85f	19	0
0x397053cb257	20	0
0x397053cbc1b	26	0
0x39705d52444	16	0
0x39705d53e1b	19	0
0x39705d54813	20	0
0x39705d551d7	26	0
0x397066dba9c	16	1
0x397066dd543	19	0
0x397066ddf07	20	0
0x397066de897	26	0
0x397070652fd	16	0
0x397070664b0	19	0
0x39707066e40	20	0
0x39707068676	26	0
0x397079ee7e9	16	1
0x397079f0228	19	0
0x397079f0c20	20	0
0x397079f15e4	26	0
0x39708377e41	16	0
0x3970837984c	19	0
0x3970837a278	20	0
0x3970837ac3c	26	0
0x39708d01499	16	1
0x39708d02f0c	19	0
0x39708d0389c	20	0
0x39708d0422c	26	0
0x3970968ab26	16	0
0x3970968c564	19	0
0x3970968cf5c	20	0
0x3970968d920	26	0
0x3970a01424e	16	1
0x3970a014ff0	19	0
0x3970a01688e	20	0
0x3970a0172ba	26	0
0x3970a99d83e	16	0
0x3970a99f2e5	19	0
0x3970a99fc75	20	0
0x3970a9a0639	26	0
0x3970b326e96	16	1
0x3970b3289a5	19	0
0x3970b328e87	20	0
0x3970b32a5ed	26	0
0x3970bcb05f3	16	0
0x3970bcb1ffe	19	0
0x3970bcb2514	20	0
0x3970bcb3c79	26	0
0x3970c639baf	16	1
0x3970c63b68a	19	0
0x3970c63c04e	20	0
0x3970c63c9de	26	0
0x3970cfc326f	16	0
0x3970cfc4db2	19	0
0x3970cfc5294	20	0
0x3970cfc69fa	26	0
0x3970d94c893	16	1
0x3970d94e306	19	0
0x3970d94ecfe	20	0
0x3970d94f68e	26	0
0x3970e2d5f54	16	0
0x3970e2d79c7	19	0
0x3970e2d83f3	20	0
0x3970e2d8d83	26	0
0x3970ec5f5e0	16	1
0x3970ec60fb7	19	0
0x3970ec6197b	20	0
0x3970ec6230b	26	0
0x3970f5e8c04	16	0
0x3970f5ea60f	19	0
0x3970f5eb007	20	0
0x3970f5eb997	26	0
0x3970ff72465	16	1
0x3970ff731d3	19	0
0x3970ff749d4	20	0
0x3970ff753cd	26	0
0x397108fb91d	16	0
0x397108fd3c4	19	0
0x397108fddbc	20	0
0x397108fe780	26	0
0x39711284f75	16	1
0x39711286a50	19	0
0x39711287414	20	0
0x39711287d70	26	0
0x39711c0e601	16	0
0x39711c0ff3b	19	0
0x39711c10900	20	0
0x39711c1128f	26	0
0x39712597cc2	16	1
0x39712599768	19	0
0x3971259a12c	20	0
0x3971259aabc	26	0
0x39712f2134e	16	0
0x39712f22d8d	19	0
0x39712f23785	20	0
0x39712f24149	26	0
0x397138aaa0e	16	1
0x397138ac4b5	19	0
0x397138ac9cb	20	0
0x397138ae0c9	26	0
0x39714234032	16	0
0x397142359d5	19	0
0x397142363cd	20	0
0x39714236d5d	26	0
0x39714bbd75b	16	1
0x39714bbf131	19	0
0x39714bbfb2a	20	0
0x39714bc0522	26	0
0x39715547191	16	0
0x39715547e96	19	0
0x39715549734	20	0
0x39715549c16	26	0
0x39715ed04dc	16	1
0x39715ed11e1	19	0
0x39715ed29e3	20	0
0x39715ed3373	26	0
0x39716859bd0	16	0
0x3971685b50a	19	0
0x3971685ba55	20	0
0x3971685d11e	26	0
0x397171e318c	16	1
0x397171e4b63	19	0
0x397171e5045	20	0
0x397171e6742	26	0
0x39717b6c7b0	16	0
0x39717b6e0ea	19	0
0x39717b6eae3	20	0
0x39717b6f40a	26	0
0x397184f5f0d	16	1
0x397184f6b76	19	0
0x397184f83e0	20	0
0x397184f8da4	26	0
0x39718e7f460	16	0
0x39718e80d9b	19	0
0x39718e81793	20	0
0x39718e82087	26	0
0x39719808bbd	16	1
0x397198098c2	19	0
0x3971980b161	20	0
0x3971980baf0	26	0
0x3971a1921e1	16	0
0x3971a193b50	19	0
0x3971a194514	20	0
0x3971a194e3b	26	0
0x3971ab1b8d6	16	1
0x3971ab1c50b	19	0
0x3971ab1dd0d	20	0
0x3971ab1e6d1	26	0
0x3971b4a4f62	16	0
0x3971b4a6904	19	0
0x3971b4a6de6	20	0
0x3971b4a84e4	26	0
0x3971be2e4ea	16	1
0x3971be2fec0	19	0
0x3971be30884	20	0
0x3971be31248	26	0
0x3971c7b7bde	16	0
0x3971c7b95b5	19	0
0x3971c7b9fad	20	0
0x3971c7ba8d5	26	0
0x3971d141236	16	1
0x3971d142bd9	19	0
0x3971d1435d1	20	0
0x3971d143ef9	26	0
0x3971daca85b	16	0
0x3971dacc195	19	0
0x3971daccb59	20	0
0x3971dacd481	26	0
0x3971e454124	16	1
0x3971e454ec5	19	0
0x3971e45672f	20	0
0x3971e4570f3	26	0
0x3971eddd5a7	16	0
0x3971eddeee2	19	0
0x3971eddf8da	20	0
0x3971ede0201	26	0
0x3971f766bcb	16	1
0x3971f768672	19	0
0x3971f768b88	20	0
0x3971f76a286	26	0
0x397200f028c	16	0
0x397200f1b2a	19	0
0x397200f24ee	20	0
0x397200f2e16	26	0
0x39720a79980	16	1
0x39720a7b323	19	0
0x39720a7bd4f	20	0
0x39720a7c677	26	0
0x39721402f70	16	0
0x39721404876	19	0
0x397214052a3	20	0
0x39721405b96	26	0
0x39721d8c665	16	1
0x39721d8e007	19	0
0x39721d8e9cb	20	0
0x39721d8f2f3	26	0
0x39722715cf1	16	0
0x397227175f7	19	0
0x39722717fbb	20	0
0x397227188af	26	0
0x3972309f2ad	16	1
0x397230a0cb8	19	0
0x397230a167c	20	0
0x397230a1fa3	26	0
0x39723a289d5	16	0
0x39723a2a378	19	0
0x39723a2ada4	20	0
0x39723a2b698	26	0
0x397243b2062	16	1
0x397243b3a38	19	0
0x397243b4430	20	0
0x397243b4d58	26	0
0x39724d3b61e	16	0
0x39724d3cfc0	19	0
0x39724d3d984	20	0
0x39724d3e278	26	0
0x397256c4d46	16	1
0x397256c67ed	19	0
0x397256c6d03	20	0
0x397256c8401	26	0
0x3972604e39e	16	0
0x3972604fcd9	19	0
0x397260506d1	20	0
0x39726050fc4	26	0
0x397269d7ac7	16	1
0x397269d949e	19	0
0x397269d99b4	20	0
0x397269db0b1	26	0
0x39727361083	16	0
0x39727362955	19	0
0x39727363381	20	0
0x39727363ca9	26	0
0x39727cea743	16	1
0x39727cec0b2	19	0
0x39727cecaaa	20	0
0x39727ced39d	26	0
0x39728673dd0	16	0
0x3972867570a	19	0
0x39728676136	20	0
0x39728676a5e	26	0
0x39728ffd428	16	1
0x39728ffedfe	19	0
0x39728fff7c2	20	0
0x397290000ea	26	0
0x39729986ae8	16	0
0x39729988422	19	0
0x39729988e1b	20	0
0x39729989742	26	0
0x3972a310140	16	1
0x3972a311c4f	19	0
0x3972a312165	20	0
0x3972a313863	26	0
0x3972ac99869	16	0
0x3972ac9a4d2	19	0
0x3972ac9bd3c	20	0
0x3972ac9c700	26	0
0x3972b622e25	16	1
0x3972b62482f	19	0
0x3972b6251f3	20	0
0x3972b625b1b	26	0
0x3972bfac4b1	16	0
0x3972bfade1f	19	0
0x3972bfae7e3	20	0
0x3972bfaf10b	26	0
0x3972c935b09	16	1
0x3972c937514	19	0
0x3972c937f0c	20	0
0x3972c938834	26	0
0x3972d2bf1ca	16	0
0x3972d2c0ad0	19	0
0x3972d2c14c8	20	0
0x3972d2c1dbc	26	0
0x3972dc487ee	16	1
0x3972dc4a261	19	0
0x3972dc4ac8d	20	0
0x3972dc4b5b5	26	0
0x3972e5d1eae	16	0
0x3972e5d37b4	19	0
0x3972e5d41ac	20	0
0x3972e5d4aa0	26	0
0x3972ef5b506	16	1
0x3972ef5cea9	19	0
0x3972ef5d8a1	20	0
0x3972ef5e1fd	26	0
0x3972f8e4b93	16	0
0x3972f8e6501	19	0
0x3972f8e6f2d	20	0
0x3972f8e7855	26	0
0x3973026e21f	16	1
0x3973026fbf5	19	0
0x397302705b9	20	0
0x39730270ee1	26	0
0x39730bf7913	16	0
0x39730bf921a	19	0
0x39730bf9c46	20	0
0x39730bfa56e	26	0
0x39731580f03	16	1
0x39731582942	19	0
0x3973158333a	20	0
0x39731583c96	26	0
0x39731f0a660	16	0
0x39731f0b2fd	19	0
0x39731f0cc37	20	0
0x39731f0d5fb	26	0
0x39732893cec	16	1
0x397328949be	19	0
0x397328961bf	20	0
0x39732896b83	26	0
0x3973321d2dc	16	0
0x3973321ebae	19	0
0x3973321f53e	20	0
0x3973321fe66	26	0
0x39733ba68cc	16	1
0x39733ba82d7	19	0
0x39733ba8c9b	20	0
0x39733ba95c3	26	0
0x3973452ff8d	16	0
0x397345318fb	19	0
0x39734532327	20	0
0x39734532c4f	26	0
0x39734eb964d	16	1
0x39734ebb058	19	0
0x39734ebb5a2	20	0
0x39734ebcc6b	26	0
0x39735842cd9	16	0
0x3973584467c	19	0
0x39735845074	20	0
0x3973584599c	26	0
0x397361cc332	16	1
0x397361cdd70	19	0
0x397361ce252	20	0
0x397361cf91c	26	0
0x39736b559f2	16	0
0x39736b5732c	19	0
0x39736b57cf0	20	0
0x39736b58618	26	0
0x397374df04a	16	1
0x397374e0a21	19	0
0x397374e13e5	20	0
0x397374e1d0c	26	0
0x39737e686d6	16	0
0x39737e69fdd	19	0
0x39737e6a9d5	20	0
0x39737e6b2fc	26	0
0x397387f1d97	16	1
0x397387f376d	19	0
0x397387f3c83	20	0
0x397387f534d	26	0
0x3973917b387	16	0
0x3973917cd29	19	0
0x3973917d721	20	0
0x3973917e049	26	0
0x39739b04a47	16	1
0x39739b0641e	19	0
0x39739b06e16	20	0
0x39739b0773e	26	0
0x3973a48e108	16	0
0x3973a48fa0e	19	0
0x3973a490406	20	0
0x3973a490cfa	26	0
0x3973ae17760	16	1
0x3973ae19102	19	0
0x3973ae19ac6	20	0
0x3973ae1a3ee	26	0
0x3973b7a0d84	16	0
0x3973b7a26be	19	0
0x3973b7a30b6	20	0
0x3973b7a39aa	26	0
0x3973c12a3dc	16	1
0x3973c12be4f	19	0
0x3973c12c847	20	0
0x3973c12d16f	26	0
0x3973cab3ad0	16	0
0x3973cab53a3	19	0
0x3973cab5d9b	20	0
0x3973cab66c2	26	0
0x3973d43d129	16	1
0x3973d43eb67	19	0
0x3973d43f049	20	0
0x3973d440713	26	0
0x3973ddc681d	16	0
0x3973ddc81f4	19	0
0x3973ddc870a	20	0
0x3973ddc9dd3	26	0
0x3973e74fdd9	16	1
0x3973e751818	19	0
0x3973e7521dc	20	0
0x3973e752b04	26	0
0x3973f0d94cd	16	0
0x3973f0dae08	19	0
0x3973f0db7cc	20	0
0x3973f0dc0f4	26	0
0x3973fa62b26	16	1
0x3973fa644fc	19	0
0x3973fa64ec0	20	0
0x3973fa657e8	26	0
0x397403ec17e	16	0
0x397403edab8	19	0
0x397403ee4b0	20	0
0x397403eedd8	26	0
0x39740d7590f	16	1
0x39740d765ac	19	0
0x39740d77dae	20	0
0x39740d78772	26	0
0x397416fee62	16	0
0x3974170079d	19	0
0x397417011c9	20	0
0x39741701abd	26	0
0x39742088557	16	1
0x39742089ef9	19	0
0x3974208a925	20	0
0x3974208b24d	26	0
0x39742a11baf	16	0
0x39742a134b5	19	0
0x39742a13ead	20	0
0x39742a147d5	26	0
0x3974339b1d3	16	1
0x3974339cbde	19	0
0x3974339d56e	20	0
0x3974339de95	26	0
0x39743d24893	16	0
0x39743d261ce	19	0
0x39743d26bc6	20	0
0x39743d274ee	26	0
0x397446adf88	16	1
0x397446af9c7	19	0
0x397446afedd	20	0
0x397446b15da	26	0
0x397450376b0	16	0
0x397450383ea	19	0
0x39745039d58	20	0
0x3974503a71c	26	0
0x397459c0c38	16	1
0x397459c260f	19	0
0x397459c2fd3	20	0
0x397459c38fb	26	0
0x3974634a291	16	0
0x3974634bb97	19	0
0x3974634c55b	20	0
0x3974634ce83	26	0
0x39746cd38e9	16	1
0x39746cd52bf	19	0
0x39746cd5d20	20	0
0x39746cd6647	26	0
0x3974765cf75	16	0
0x3974765e8af	19	0
0x3974765f273	20	0
0x3974765fb67	26	0
0x39747fe6706	16	1
0x39747fe73d7	19	0
0x39747fe8c41	20	0
0x39747fe9605	26	0
0x3974896fc8e	16	0
0x397489715c8	19	0
0x39748971fc0	20	0
0x397489728e8	26	0
0x397492f934e	16	1
0x397492facf0	19	0
0x397492fb71d	20	0
0x397492fc044	26	0
0x39749c82a0e	16	0
0x39749c843e5	19	0
0x39749c848fb	20	0
0x39749c85ff8	26	0
0x3974a60bf96	16	1
0x3974a60d905	19	0
0x3974a60e2c9	20	0
0x3974a60ec24	26	0
0x3974af95727	16	0
0x3974af970fd	19	0
0x3974af97614	20	0
0x3974af98cdd	26	0
0x3974b91ed4b	16	1
0x3974b92078a	19	0
0x3974b921182	20	0
0x3974b921aaa	26	0
0x3974c2a83d7	16	0
0x3974c2a9cde	19	0
0x3974c2aa6d6	20	0
0x3974c2aafc9	26	0
0x3974cc31a2f	16	1
0x3974cc334d6	19	0
0x3974cc339ec	20	0
0x3974cc350b6	26	0
0x3974d5bb054	16	0
0x3974d5bc8f2	19	0
0x3974d5bd2b6	20	0
0x3974d5bdbdd	26	0
0x3974df44818	16	1
0x3974df454ea	19	0
0x3974df46d20	20	0
0x3974df476e4	26	0
0x3974e8cdda0	16	0
0x3974e8cf6a6	19	0
0x3974e8d006a	20	0
0x3974e8d0992	26	0
0x3974f257461	16	1
0x3974f258e03	19	0
0x3974f2597fb	20	0
0x3974f25a123	26	0
0x3974fbe0a85	16	0
0x3974fbe2357	19	0
0x3974fbe2d4f	20	0
0x3974fbe3677	26	0
0x3975056a145	16	1
0x3975056bab3	19	0
0x3975056c477	20	0
0x3975056cd9f	26	0
0x39750ef379d	16	0
0x39750ef510c	19	0
0x39750ef5b04	20	0
0x39750ef642c	26	0
0x3975187ce2a	16	1
0x3975187e7cc	19	0
0x3975187f1c4	20	0
0x3975187faec	26	0
0x39752206482	16	0
0x39752207d20	19	0
0x397522086e4	20	0
0x3975220900c	26	0
0x39752b8fb0e	16	1
0x39752b914b1	19	0
0x39752b91e75	20	0
0x39752b9279c	26	0
0x397535191ce	16	0
0x3975351ab71	19	0
0x3975351b569	20	0
0x3975351be5d	26	0
0x39753ea2827	16	1
0x39753ea41c9	19	0
0x39753ea4bc1	20	0
0x39753ea54e9	26	0
0x3975482bee7	16	0
0x3975482d785	19	0
0x3975482e17d	20	0
0x3975482ea71	26	0
0x397551b54d7	16	1
0x397551b6eae	19	0
0x397551b7872	20	0
0x397551b8199	26	0
0x39755b3eb97	16	0
0x39755b4053a	19	0
0x39755b40f66	20	0
0x39755b4185a	26	0
0x397564c8224	16	1
0x397564c9b2a	19	0
0x397564ca522	20	0
0x397564cae7e	26	0
0x39756e518e4	16	0
0x39756e532ef	19	0
0x39756e5386d	20	0
0x39756e54f9e	26	0
0x397577daea0	16	1
0x397577dc80e	19	0
0x397577dd206	20	0
0x397577ddb2e	26	0
0x39758164560	16	0
0x39758165e9b	19	0
0x397581668fb	20	0
0x397581671ef	26	0
0x39758aedc21	16	1
0x39758aef62b	19	0
0x39758aeffef	20	0
0x39758af08e3	26	0
0x397594773b1	16	0
0x39759478d54	19	0
0x3975947926a	20	0
0x3975947a933	26	0
0x39759e00a3e	16	1
0x39759e01743	19	0
0x39759e02fad	20	0
0x39759e03971	26	0
0x3975a789f91	16	0
0x3975a78b968	19	0
0x3975a78c360	20	0
0x3975a78cc54	26	0
0x3975b1135ea	16	1
0x3975b115028	19	0
0x3975b1159ec	20	0
0x3975b116314	26	0
0x3975ba9cc76	16	0
0x3975ba9e5b0	19	0
0x3975ba9ef74	20	0
0x3975ba9f89c	26	0
0x3975c426302	16	1
0x3975c427d0d	19	0
0x3975c428705	20	0
0x3975c428ff9	26	0
0x3975cdafa5f	16	0
0x3975cdb149e	19	0
0x3975cdb19b4	20	0
0x3975cdb307d	26	0
0x3975d738fe7	16	1
0x3975d73a989	19	0
0x3975d73b381	20	0
0x3975d73bca9	26	0
0x3975e0c26a7	16	0
0x3975e0c3fad	19	0
0x3975e0c49a5	20	0
0x3975e0c52cd	26	0
0x3975ea4bcff	16	1
0x3975ea4d772	19	0
0x3975ea4e136	20	0
0x3975ea4ea5e	26	0
0x3975f3d53f4	16	0
0x3975f3d6dca	19	0
0x3975f3d782a	20	0
0x3975f3d8152	26	0
0x3975fd5ea4c	16	1
0x3975fd60457	19	0
0x3975fd6096d	20	0
0x3975fd6206a	26	0
0x397606e8070	16	0
0x397606e990e	19	0
0x397606ea2d2	20	0
0x397606eabfa	26	0
0x39761071798	16	1
0x3976107313b	19	0
0x39761073651	20	0
0x39761074d1a	26	0
0x397619fadbd	16	0
0x397619fc82f	19	0
0x397619fcd46	20	0
0x397619fe477	26	0
0x39762384449	16	1
0x39762385e1f	19	0
0x397623867e3	20	0
0x3976238710b	26	0
0x39762d0dad5	16	0
0x39762d0f3db	19	0
0x39762d0fdd4	20	0
0x39762d106fb	26	0
0x397636970f9	16	1
0x39763698ad0	19	0
0x39763699494	20	0
0x39763699dbc	26	0
0x397640207ee	16	0
0x3976402215c	19	0
0x39764022b88	20	0
0x3976402347c	26	0
0x397649a9ee2	16	1
0x397649aabb3	19	0
0x397649ac486	20	0
0x397649ace4a	26	0
0x3976533349e	16	0
0x39765334da4	19	0
0x39765335768	20	0
0x39765336090	26	0
0x39765cbcb2a	16	1
0x39765cbe501	19	0
0x39765cbeef9	20	0
0x39765cbf821	26	0
0x39766646183	16	0
0x39766647abd	19	0
0x397666484b5	20	0
0x39766648da9	26	0
0x39766fcf877	16	1
0x39766fd12b6	19	0
0x39766fd1798	20	0
0x39766fd2e95	26	0
0x39767958f03	16	0
0x3976795a90e	19	0
0x3976795adf0	20	0
0x3976795c556	26	0
0x397682e24f3	16	1
0x397682e3efe	19	0
0x397682e488e	20	0
0x397682e51b6	26	0
0x39768c6bb4c	16	0
0x39768c6d486	19	0
0x39768c6deb2	20	0
0x39768c6e7a6	26	0
0x397695f5274	16	1
0x397695f6be3	19	0
0x397695f75db	20	0
0x397695f7f02	26	0
0x39769f7e864	16	0
0x39769f80136	19	0
0x39769f80b2e	20	0
0x39769f81422	26	0
0x3976a907ef0	16	1
0x3976a909893	19	0
0x3976a90a257	20	0
0x3976a90ab7f	26	0
0x3976b2915b1	16	0
0x3976b292e83	19	0
0x3976b293847	20	0
0x3976b29416f	26	0
0x3976bc1ac09	16	1
0x3976bc1c67c	19	0
0x3976bc1cb5e	20	0
0x3976bc1e28f	26	0
0x3976c5a4295	16	0
0x3976c5a5b33	19	0
0x3976c5a64f7	20	0
0x3976c5a6deb	26	0
0x3976cf2d9be	16	1
0x3976cf2f32c	19	0
0x3976cf2fd24	20	0
0x3976cf3064c	26	0
0x3976d8b6fae	16	0
0x3976d8b88e8	19	0
0x3976d8b937c	20	0
0x3976d8b9c3c	26	0
0x3976e24066e	16	1
0x3976e2420e1	19	0
0x3976e2425f7	20	0
0x3976e243d29	26	0
0x3976ebc9c2a	16	0
0x3976ebcb4c8	19	0
0x3976ebcbec0	20	0
0x3976ebcc7b4	26	0
0x3976f5532ea	16	1
0x3976f554cc1	19	0
0x3976f555685	20	0
0x3976f555fad	26	0
0x3976fedca47	16	0
0x3976fede452	19	0
0x3976fedea38	20	0
0x3976fedf3c8	26	0
0x39770866037	16	1
0x39770867a76	19	0
0x39770867f58	20	0
0x39770869621	26	0
0x397711ef65b	16	0
0x397711f0f61	19	0
0x397711f195a	20	0
0x397711f2281	26	0
0x39771b78cb3	16	1
0x39771b7a68a	19	0
0x39771b7b082	20	0
0x39771b7b9aa	26	0
0x397725023a8	16	0
0x39772503d16	19	0
0x397725046da	20	0
0x39772504fce	26	0
0x39772e8ba68	16	1
0x39772e8d3d7	19	0
0x39772e8ddcf	20	0
0x39772e8e6c2	26	0
0x3977381508c	16	0
0x3977381692a	19	0
0x39773817323	20	0
0x39773817c4a	26	0
0x3977419e719	16	1
0x397741a0123	19	0
0x397741a0b1b	20	0
0x397741a1443	26	0
0x39774b27da5	16	0
0x39774b296ab	19	0
0x39774b2a0d7	20	0
0x39774b2a9cb	26	0
0x397754b13fd	16	1
0x397754b2da0	19	0
0x397754b3764	20	0
0x397754b4057	26	0
0x39775e3aaf2	16	0
0x39775e3c42c	19	0
0x39775e3ce58	20	0
0x39775e3d780	26	0
0x397767c414a	16	1
0x397767c5aec	19	0
0x397767c64b0	20	0
0x397767c6dd8	26	0
0x3977714d7d6	16	0
0x3977714f0dc	19	0
0x3977714fad4	20	0
0x397771503c8	26	0
0x39777ad6e2e	16	1
0x39777ad886d	19	0
0x39777ad92cd	20	0
0x39777ad9bf5	26	0
0x39778460486	16	0
0x39778461d59	19	0
0x39778462785	20	0
0x397784630ac	26	0
0x39778de9adf	16	1
0x39778deb4b5	19	0
0x39778debead	20	0
0x39778dec7d5	26	0
0x39779773207	16	0
0x39779774b0d	19	0
0x397797754d1	20	0
0x39779775dc5	26	0
0x3977a0fc85f	16	1
0x3977a0fe29e	19	0
0x3977a0fe7b4	20	0
0x3977a0ffe7d	26	0
0x3977aa85eb7	16	0
0x3977aa8778a	19	0
0x3977aa88182	20	0
0x3977aa88aa9	26	0
0x3977b40f510	16	1
0x3977b410f1a	19	0
0x3977b411912	20	0
0x3977b412206	26	0
0x3977bd98cd4	16	0
0x3977bd998d5	19	0
0x3977bd9b0d7	20	0
0x3977bd9ba9b	26	0
0x3977c7221f4	16	1
0x3977c723b97	19	0
0x3977c72458f	20	0
0x3977c724eb7	26	0
0x3977d0ab91d	16	0
0x3977d0ad1ef	19	0
0x3977d0adbe7	20	0
0x3977d0ae50f	26	0
0x3977da34f0d	16	1
0x3977da3694b	19	0
0x3977da37344	20	0
0x3977da37c6b	26	0
0x3977e3be599	16	0
0x3977e3bff3b	19	0
0x3977e3c0968	20	0
0x3977e3c125b	26	0
0x3977ed47bf1	16	1
0x3977ed495c8	19	0
0x3977ed49fc0	20	0
0x3977ed4a8e8	26	0
0x3977f6d12b2	16	0
0x3977f6d2bec	19	0
0x3977f6d35b0	20	0
0x3977f6d3ea4	26	0
0x3978005a90a	16	1
0x3978005c2ac	19	0
0x3978005cca4	20	0
0x3978005d5cc	26	0
0x397809e3fca	16	0
0x397809e589c	19	0
0x397809e6294	20	0
0x397809e6b88	26	0
0x3978136d656	16	1
0x3978136f0fd	19	0
0x3978136f5df	20	0
0x39781370d11	26	0
0x39781cf6caf	16	0
0x39781cf861d	19	0
0x39781cf9015	20	0
0x39781cf993d	26	0
0x39782680307	16	1
0x39782681cdd	19	0
0x397826826a1	20	0
0x39782682fc9	26	0
0x39783009c6c	16	0
0x3978300aa76	19	0
0x3978300c2ac	20	0
0x3978300c78e	26	0
0x3978399301f	16	1
0x39783994a92	19	0
0x3978399548a	20	0
0x39783995db2	26	0
0x3978431c6e0	16	0
0x3978431e01a	19	0
0x3978431ea46	20	0
0x3978431f36e	26	0
0x39784ca5cd0	16	1
0x39784ca76da	19	0
0x39784ca80d2	20	0
0x39784ca89fa	26	0
0x3978562f390	16	0
0x39785630c96	19	0
0x3978563168e	20	0
0x39785631f82	26	0
0x39785fb8a85	16	1
0x39785fba4f7	19	0
0x39785fba9d9	20	0
0x39785fbc0d7	26	0
0x397869420a9	16	0
0x39786943947	19	0
0x3978694430b	20	0
0x39786944c32	26	0
0x397872cb701	16	1
0x397872cd0d7	19	0
0x397872cda9b	20	0
0x397872ce3c3	26	0
0x39787c54dc1	16	0
0x39787c566c7	19	0
0x39787c5708b	20	0
0x39787c579b3	26	0
0x397885de51e	16	1
0x397885df187	19	0
0x397885e0ac1	20	0
0x397885e1451	26	0
0x39788f68ab8	16	0
0x39788f6906b	19	0
0x39788f69dd8	20	0
0x39788f6a79c	26	0
0x397898f1a5a	16	1
0x397898f2f82	19	0
0x397898f3535	20	0
0x397898f3fc9	26	0
0x3978a27a8f7	16	0
0x3978a27b560	19	0
0x3978a27cdca	20	0
0x3978a27d7f6	26	0
0x3978ac03eb3	16	1
0x3978ac04c20	19	0
0x3978ac063ee	20	0
0x3978ac06e1a	26	0
0x3978b58d7b0	16	0
0x3978b58e419	19	0
0x3978b58fd1f	20	0
0x3978b5907b4	26	0
0x3978bf16b2f	16	1
0x3978bf18672	19	0
0x3978bf18bbc	20	0
0x3978bf1961d	26	0
0x3978c8a01ef	16	0
0x3978c8a1af6	19	0
0x3978c8a25be	20	0
0x3978c8a2ee6	26	0
0x3978d2297df	16	1
0x3978d22b14e	19	0
0x3978d22bb12	20	0
0x3978d22c4d6	26	0
0x3978dbb3040	16	0
0x3978dbb3ba5	19	0
0x3978dbb5477	20	0
0x3978dbb5e3b	26	0
0x3978e53c594	16	1
0x3978e53df6b	19	0
0x3978e53e551	20	0
0x3978e53fbb2	26	0
0x3978eec5c54	16	0
0x3978eec765f	19	0
0x3978eec7c7a	20	0
0x3978eec860a	26	0
0x3978f84f279	16	1
0x3978f850ceb	19	0
0x3978f8512d2	20	0
0x3978f851c2e	26	0
0x397901d8905	16	0
0x397901da273	19	0
0x397901dad08	20	0
0x397901db5fb	26	0
0x39790b61f91	16	1
0x39790b63a6c	19	0
0x39790b64087	20	0
0x39790b64a17	26	0
0x397914eb5b5	16	0
0x397914ec357	19	0
0x397914edc91	20	0
0x397914ee655	26	0
0x39791e74c0d	16	1
0x39791e765e4	19	0
0x39791e77010	20	0
0x39791e7796c	26	0
0x397927fe2ce	16	0
0x397927ffc3c	19	0
0x39792800668	20	0
0x39792800fc4	26	0
0x39793187926	16	1
0x39793189365	19	0
0x39793189d91	20	0
0x3979318a6ed	26	0
0x39793b10fb2	16	0
0x39793b12955	19	0
0x39793b13381	20	0
0x39793b13d11	26	0
0x3979449a777	16	1
0x3979449b47c	19	0
0x3979449ccb2	20	0
0x3979449d676	26	0
0x39794e23ccb	16	0
0x39794e25605	19	0
0x39794e26031	20	0
0x39794e26925	26	0
0x397957ad357	16	1
0x397957aed62	19	0
0x397957af278	20	0
0x397957b090d	26	0
0x397961369e3	16	0
0x39796138386	19	0
0x39796138db2	20	0
0x397961396da	26	0
0x39796ac003c	16	1
0x39796ac1a46	19	0
0x39796ac243e	20	0
0x39796ac2d9a	26	0
0x397974496c8	16	0
0x3979744afce	19	0
0x3979744b9c6	20	0
0x3979744c2ba	26	0
0x39797dd2cec	16	1
0x39797dd46c3	19	0
0x39797dd50ef	20	0
0x39797dd5a17	26	0
0x3979875c415	16	0
0x3979875dd1b	19	0
0x3979875e747	20	0
0x3979875f06f	26	0
0x397990e5a05	16	1
0x397990e7443	19	0
0x397990e7e3b	20	0
0x397990e8797	26	0
0x39799a6f0c5	16	0
0x39799a709ff	19	0
0x39799a71460	20	0
0x39799a71d87	26	0
0x3979a3f86e9	16	1
0x3979a3fa0f4	19	0
0x3979a3fab20	20	0
0x3979a3fb448	26	0
0x3979ad81ddd	16	0
0x3979ad83718	19	0
0x3979ad84144	20	0
0x3979ad84a6c	26	0
0x3979b70b46a	16	1
0x3979b70ce0c	19	0
0x3979b70d804	20	0
0x3979b70e12c	26	0
0x3979c094af6	16	0
0x3979c096499	19	0
0x3979c096ef9	20	0
0x3979c097821	26	0
0x3979ca1e11a	16	1
0x3979ca1fb59	19	0
0x3979ca2051d	20	0
0x3979ca20e79	26	0
0x3979d3a77da	16	0
0x3979d3a917d	19	0
0x3979d3a9b75	20	0
0x3979d3aa49d	26	0
0x3979dd30dcb	16	1
0x3979dd327a1	19	0
0x3979dd33199	20	0
0x3979dd33af5	26	0
0x3979e6ba48b	16	0
0x3979e6bbd91	19	0
0x3979e6bc789	20	0
0x3979e6bd0b1	26	0
0x3979f043b4b	16	1
0x3979f045556	19	0
0x3979f045f82	20	0
0x3979f0468aa	26	0
0x3979f9cd1a3	16	0
0x3979f9ceb12	19	0
0x3979f9cf53e	20	0
0x3979f9cfe66	26	0
0x397a0356830	16	1
0x397a035819e	19	0
0x397a0358c32	20	0
0x397a035955a	26	0
0x397a0cdfebc	16	0
0x397a0ce175a	19	0
0x397a0ce2152	20	0
0x397a0ce2a7a	26	0
0x397a1669514	16	1
0x397a166aeb7	19	0
0x397a166b8af	20	0
0x397a166c20b	26	0
0x397a1ff2c09	16	0
0x397a1ff45ab	19	0
0x397a1ff4fa3	20	0
0x397a1ff58cb	26	0
0x397a297c261	16	1
0x397a297dd08	19	0
0x397a297e252	20	0
0x397a297f94f	26	0
0x397a33058b9	16	0
0x397a3307157	19	0
0x397a3307b4f	20	0
0x397a3308477	26	0
0x397a3c8ef79	16	1
0x397a3c909b8	19	0
0x397a3c90ece	20	0
0x397a3c92598	26	0
0x397a461866e	16	0
0x397a461a078	19	0
0x397a461a58f	20	0
0x397a461bc8c	26	0
0x397a4fa1c2a	16	1
0x397a4fa3634	19	0
0x397a4fa402d	20	0
0x397a4fa4954	26	0
0x397a592b31e	16	0
0x397a592cc59	19	0
0x397a592d685	20	0
0x397a592df78	26	0
0x397a62b48da	16	1
0x397a62b627d	19	0
0x397a62b6c75	20	0
0x397a62b759c	26	0
0x397a6c3df9b	16	0
0x397a6c3f93d	19	0
0x397a6c40369	20	0
0x397a6c40c91	26	0
0x397a75c765b	16	1
0x397a75c9031	19	0
0x397a75c99f5	20	0
0x397a75ca351	26	0
0x397a7f50cb3	16	0
0x397a7f525b9	19	0
0x397a7f52fe5	20	0
0x397a7f5390d	26	0
0x397a88da2a3	16	1
0x397a88dbcae	19	0
0x397a88dc6a6	20	0
0x397a88dd002	26	0
0x397a9263bd4	16	0
0x397a926490e	19	0
0x397a9266178	20	0
0x397a9266b08	26	0
0x397a9bed0c0	16	1
0x397a9beeb33	19	0
0x397a9bef049	20	0
0x397a9bf0746	26	0
0x397aa5766b0	16	0
0x397aa577fea	19	0
0x397aa5789ae	20	0
0x397aa5792d6	26	0
0x397aaeffd3c	16	1
0x397aaf0177b	19	0
0x397aaf01c91	20	0
0x397aaf0335b	26	0
0x397ab889431	16	0
0x397ab88ae70	19	0
0x397ab88b3ba	20	0
0x397ab88caeb	26	0
0x397ac212b25	16	1
0x397ac2137c2	19	0
0x397ac215061	20	0
0x397ac215a25	26	0
0x397acb9c0e1	16	0
0x397acb9d9e7	19	0
0x397acb9e3ab	20	0
0x397acb9ecd3	26	0
0x397ad525705	16	1
0x397ad5270a8	19	0
0x397ad527a6c	20	0
0x397ad5283c8	26	0
0x397adeaee62	16	0
0x397adeafc38	19	0
0x397adeb150a	20	0
0x397adeb1ece	26	0
0x397ae8383ea	16	1
0x397ae839d24	19	0
0x397ae83a71c	20	0
0x397ae83b044	26	0
0x397af1c1baf	16	0
0x397af1c28b4	19	0
0x397af1c4152	20	0
0x397af1c4b16	26	0
0x397afb4b102	16	1
0x397afb4bdd4	19	0
0x397afb4d609	20	0
0x397afb4dfcd	26	0
0x397b04d47c3	16	0
0x397b04d6165	19	0
0x397b04d6b91	20	0
0x397b04d74b9	26	0
0x397b0e5de4f	16	1
0x397b0e5f92a	19	0
0x397b0e5fe40	20	0
0x397b0e61572	26	0
0x397b17e7473	16	0
0x397b17e8d79	19	0
0x397b17e97da	20	0
0x397b17ea101	26	0
0x397b2170aff	16	1
0x397b21724d6	19	0
0x397b2172ece	20	0
0x397b217382a	26	0
0x397b2afa18c	16	0
0x397b2afbb62	19	0
0x397b2afc55a	20	0
0x397b2afce82	26	0
0x397b34837e4	16	1
0x397b34851ee	19	0
0x397b3485c1b	20	0
0x397b3486542	26	0
0x397b3e0cea4	16	0
0x397b3e0e776	19	0
0x397b3e0f1a2	20	0
0x397b3e0fafe	26	0
0x397b47964fc	16	1
0x397b4797ed3	19	0
0x397b4798897	20	0
0x397b47991bf	26	0
0x397b511fb89	16	0
0x397b512155f	19	0
0x397b5121f8b	20	0
0x397b51228b3	26	0
0x397b5aa92e5	16	1
0x397b5aaacbc	19	0
0x397b5aab1d2	20	0
0x397b5aac89b	26	0
0x397b64328a1	16	0
0x397b6434244	19	0
0x397b6434c3c	20	0
0x397b6435563	26	0
0x397b6dbbf62	16	1
0x397b6dbd938	19	0
0x397b6dbe2fc	20	0
0x397b6dbec58	26	0
0x397b7745586	16	0
0x397b7746ef4	19	0
0x397b7747920	20	0
0x397b7748248	26	0
0x397b80cec12	16	1
0x397b80d05b4	19	0
0x397b80d0f78	20	0
0x397b80d18a0	26	0
0x397b8a582d2	16	0
0x397b8a59bd9	19	0
0x397b8a5a605	20	0
0x397b8a5aef8	26	0
0x397b93e1993	16	1
0x397b93e3369	19	0
0x397b93e387f	20	0
0x397b93e4f49	26	0
0x397b9d6afb7	16	0
0x397b9d6c98d	19	0
0x397b9d6d351	20	0
0x397b9d6dcad	26	0
0x397ba6f45db	16	1
0x397ba6f5fb1	19	0
0x397ba6f69a9	20	0
0x397ba6f72d1	26	0
0x397bb07dc9b	16	0
0x397bb07f5a1	19	0
0x397bb07ff9a	20	0
0x397bb0808f5	26	0
0x397bba07327	16	1
0x397bba08d32	19	0
0x397bba0975e	20	0
0x397bba0a086	26	0
0x397bc390a1c	16	0
0x397bc3923f2	19	0
0x397bc392971	20	0
0x397bc3940a2	26	0
0x397bcd1a040	16	1
0x397bcd1b9e3	19	0
0x397bcd1c3db	20	0
0x397bcd1cd02	26	0
0x397bd6a36cc	16	0
0x397bd6a503b	19	0
0x397bd6a5a33	20	0
0x397bd6a6326	26	0
0x397be02cd24	16	1
0x397be02e797	19	0
0x397be02ecad	20	0
0x397be0303ab	26	0
0x397be9b63b1	16	0
0x397be9b7d53	19	0
0x397be9b877f	20	0
0x397be9b90db	26	0
0x397bf33f9d5	16	1
0x397bf341377	19	0
0x397bf341d6f	20	0
0x397bf342697	26	0
0x397bfcc90c9	16	0
0x397bfcca967	19	0
0x397bfccb394	20	0
0x397bfccbd23	26	0
0x397c0652721	16	1
0x397c06540f8	19	0
0x397c0654af0	20	0
0x397c0655418	26	0
0x397c0fdc123	16	0
0x397c0fdce29	19	0
0x397c0fde65e	20	0
0x397c0fdeb40	26	0
0x397c196543a	16	1
0x397c1966e45	19	0
0x397c196783d	20	0
0x397c1968165	26	0
0x397c22eeb63	16	0
0x397c22f04d1	19	0
0x397c22f0ec9	20	0
0x397c22f17f1	26	0
0x397c2c7811e	16	1
0x397c2c79b29	19	0
0x397c2c7a521	20	0
0x397c2c7ae49	26	0
0x397c36017ab	16	0
0x397c36031b5	19	0
0x397c3603be2	20	0
0x397c3604509	26	0
0x397c3f8ae9f	16	1
0x397c3f8bba5	19	0
0x397c3f8d443	20	0
0x397c3f8de07	26	0
0x397c491452b	16	0
0x397c4915299	19	0
0x397c4916b37	20	0
0x397c4917597	26	0
0x397c529de5d	16	1
0x397c529ea92	19	0
0x397c52a02fc	20	0
0x397c52a0c8c	26	0
0x397c5c271dc	16	0
0x397c5c28b7e	19	0
0x397c5c29647	20	0
0x397c5c29fa3	26	0
0x397c65b089c	16	1
0x397c65b223f	19	0
0x397c65b2825	20	0
0x397c65b3eba	26	0
0x397c6f39f28	16	0
0x397c6f3b8ff	19	0
0x397c6f3bee6	20	0
0x397c6f3d5af	26	0
0x397c78c354d	16	1
0x397c78c4eef	19	0
0x397c78c59b8	20	0
0x397c78c62ab	26	0
0x397c824cc0d	16	0
0x397c824e513	19	0
0x397c824f010	20	0
0x397c824f96c	26	0
0x397c8bd6265	16	1
0x397c8bd7c08	19	0
0x397c8bd8668	20	0
0x397c8bd8f5c	26	0
0x397c955f8f1	16	0
0x397c95611f8	19	0
0x397c9561cf4	20	0
0x397c9562650	26	0
0x397c9ee901a	16	1
0x397c9ee9cb7	19	0
0x397c9eeb4ed	20	0
0x397c9eebeb1	26	0
0x397ca8725a2	16	0
0x397ca873f44	19	0
0x397ca874a0d	20	0
0x397ca875369	26	0
0x397cb1fbc62	16	1
0x397cb1fd6a1	19	0
0x397cb1fdc53	20	0
0x397cb1ff2e9	26	0
0x397cbb852ba	16	0
0x397cbb86c5d	19	0
0x397cbb876bd	20	0
0x397cbb87fe5	26	0
0x397cc50e8aa	16	1
0x397cc510281	19	0
0x397cc510d15	20	0
0x397cc51163d	26	0
0x397cce981dc	16	0
0x397cce98e11	19	0
0x397cce9a920	20	0
0x397cce9ae02	26	0
0x397cd821693	16	1
0x397cd82309e	19	0
0x397cd823684	20	0
0x397cd824048	26	0
0x397ce1aad88	16	0
0x397ce1ac65a	19	0
0x397ce1ad156	20	0
0x397ce1ada4a	26	0
0x397ceb34344	16	1
0x397ceb35d82	19	0
0x397ceb36369	20	0
0x397ceb379ca	26	0
0x397cf4bd9d0	16	0
0x397cf4bf2d6	19	0
0x397cf4bfd9f	20	0
0x397cf4c06c6	26	0
0x397cfe470f8	16	1
0x397cfe47cf9	19	0
0x397cfe49600	20	0
0x397cfe49f90	26	0
0x397d07d06b4	16	0
0x397d07d1fef	19	0
0x397d07d2ab7	20	0
0x397d07d33df	26	0
0x397d1159d41	16	1
0x397d115b6af	19	0
0x397d115c10f	20	0
0x397d115ca37	26	0
0x397d1ae33cd	16	0
0x397d1ae4d07	19	0
0x397d1ae579c	20	0
0x397d1ae60c3	26	0
0x397d246ca59	16	1
0x397d246e3fc	19	0
0x397d246ee5c	20	0
0x397d246f750	26	0
0x397d2df60e5	16	0
0x397d2df7a54	19	0
0x397d2df84e8	20	0
0x397d2df8e10	26	0
0x397d377f73e	16	1
0x397d37810ac	19	0
0x397d3781b40	20	0
0x397d3782434	26	0
0x397d410944d	16	0
0x397d410a4fb	19	0
0x397d410b094	20	0
0x397d410f17b	26	0
0x397d4a9248a	16	1
0x397d4a93efd	19	0
0x397d4a943df	20	0
0x397d4a95b79	26	0
0x397d541bb4b	16	0
0x397d541d41d	19	0
0x397d541dfb6	20	0
0x397d541e8dd	26	0
0x397d5da51a3	16	1
0x397d5da5f10	19	0
0x397d5da7642	20	0
0x397d5da803a	26	0
0x397d672e863	16	0
0x397d672f498	19	0
0x397d6730d6a	20	0
0x397d6731762	26	0
0x397d70b7e87	16	1
0x397d70b98fa	19	0
0x397d70b9eac	20	0
0x397d70ba83c	26	0
0x397d7a415b0	16	0
0x397d7a42eb6	19	0
0x397d7a4349d	20	0
0x397d7a44b32	26	0
0x397d83cab04	16	1
0x397d83cc43e	19	0
0x397d83cce9e	20	0
0x397d83cd792	26	0
0x397d8d541c4	16	0
0x397d8d55aca	19	0
0x397d8d56593	20	0
0x397d8d56eba	26	0
0x397d96dd8b8	16	1
0x397d96de521	19	0
0x397d96dfdf4	20	0
0x397d96e0784	26	0
0x397da066f11	16	0
0x397da068817	19	0
0x397da069277	20	0
0x397da069b9f	26	0
0x397da9f0535	16	1
0x397da9f1fa8	19	0
0x397da9f258e	20	0
0x397da9f2f1e	26	0
0x397db379b8d	16	0
0x397db37b4c7	19	0
0x397db37bf90	20	0
0x397db37c920	26	0
0x397dbd03219	16	1
0x397dbd04bf0	19	0
0x397dbd05650	20	0
0x397dbd05f78	26	0
0x397dc68c942	16	0
0x397dc68e3b5	19	0
0x397dc68e9cf	20	0
0x397dc68f393	26	0
0x397dd015f66	16	1
0x397dd017908	19	0
0x397dd017eef	20	0
0x397dd0195ec	26	0
0x397dd99f5f2	16	0
0x397dd9a0ffd	19	0
0x397dd9a1617	20	0
0x397dd9a1fa7	26	0
0x397de328c16	16	1
0x397de32a551	19	0
0x397de32afe5	20	0
0x397de32b8d9	26	0
0x397decb22d7	16	0
0x397decb3bdd	19	0
0x397decb4609	20	0
0x397decb4f31	26	0
0x397df63b9cb	16	1
0x397df63c704	19	0
0x397df63e00b	20	0
0x397df63e99b	26	0
0x397dffc4fbb	16	0
0x397dffc6992	19	0
0x397dffc7426	20	0
0x397dffc7d82	26	0
0x397e094e647	16	1
0x397e09500ba	19	0
0x397e095073d	20	0
0x397e0951099	26	0
0x397e12d7d70	16	0
0x397e12d9676	19	0
0x397e12da0d6	20	0
0x397e12da9fe	26	0
0x397e1c61394	16	1
0x397e1c62d36	19	0
0x397e1c6331d	20	0
0x397e1c649b2	26	0
0x397e25ea9ec	16	0
0x397e25ec493	19	0
0x397e25ecaae	20	0
0x397e25ed472	26	0
0x397e2f74010	16	1
0x397e2f759e7	19	0
0x397e2f7647b	20	0
0x397e2f76da3	26	0
0x397e38fd69c	16	0
0x397e38fef6f	19	0
0x397e38ffa03	20	0
0x397e390032b	26	0
0x397e4286d5d	16	1
0x397e4288733	19	0
0x397e4289160	20	0
0x397e4289a87	26	0
0x397e4c103e9	16	0
0x397e4c11d58	19	0
0x397e4c12820	20	0
0x397e4c13148	26	0
0x397e55999d9	16	1
0x397e559b3b0	19	0
0x397e559be44	20	0
0x397e559c738	26	0
0x397e5f230ce	16	0
0x397e5f24a70	19	0
0x397e5f25504	20	0
0x397e5f25df8	26	0
0x397e68ac6f2	16	1
0x397e68ae0c8	19	0
0x397e68aeb5d	20	0
0x397e68af450	26	0
0x397e7235d7e	16	0
0x397e7237684	19	0
0x397e723814d	20	0
0x397e7238a74	26	0
0x397e7bbf43e	16	1
0x397e7bc0e49	19	0
0x397e7bc13fb	20	0
0x397e7bc2ac5	26	0
0x397e8548a96	16	0
0x397e854a3d1	19	0
0x397e854ae65	20	0
0x397e854b759	26	0
0x397e8ed2157	16	1
0x397e8ed3af9	19	0
0x397e8ed455a	20	0
0x397e8ed4e81	26	0
0x397e985b7af	16	0
0x397e985d11d	19	0
0x397e985dbb2	20	0
0x397e985e50e	26	0
0x397ea1e4e3b	16	1
0x397ea1e6812	19	0
0x397ea1e723e	20	0
0x397ea1e7b66	26	0
0x397eab6e4c8	16	0
0x397eab6fe36	19	0
0x397eab708fe	20	0
0x397eab71226	26	0
0x397eb4f7b88	16	1
0x397eb4f94f6	19	0
0x397eb4f9f57	20	0
0x397eb4fa983	26	0
0x397ebe81ad4	16	0
0x397ebe82ef8	19	0
0x397ebe834aa	20	0
0x397ebe83f73	26	0
0x397ec80a93d	16	1
0x397ec80b8e7	19	0
0x397ec80d185	20	0
0x397ec80d76c	26	0
0x397ed193e28	16	0
0x397ed1957ff	19	0
0x397ed1961f7	20	0
0x397ed196bbb	26	0
0x397edb1d4e9	16	1
0x397edb1eef3	19	0
0x397edb1f8b7	20	0
0x397edb20247	26	0
0x397ee4a6b0d	16	0
0x397ee4a85e8	19	0
0x397ee4a8fe0	20	0
0x397ee4a99a4	26	0
0x397eee3029d	16	1
0x397eee3100b	19	0
0x397eee3280d	20	0
0x397eee33239	26	0
0x397ef7b9859	16	0
0x397ef7bb300	19	0
0x397ef7bbcf8	20	0
0x397ef7bc6bc	26	0
0x397f0142eb2	16	1
0x397f01449c1	19	0
0x397f0144ed7	20	0
0x397f014663c	26	0
0x397f0acc5da	16	0
0x397f0ace019	19	0
0x397f0ace4fb	20	0
0x397f0acfc60	26	0
0x397f1455bca	16	1
0x397f14576d9	19	0
0x397f1457c57	20	0
0x397f1458650	26	0
0x397f1ddf256	16	0
0x397f1de0c61	19	0
0x397f1de168d	20	0
0x397f1de2051	26	0
0x397f27688e3	16	1
0x397f27696ec	19	0
0x397f276ae1e	20	0
0x397f276b816	26	0
0x397f30f1fa3	16	0
0x397f30f2d45	19	0
0x397f30f45af	20	0
0x397f30f4fdb	26	0
0x397f3a7b5c7	16	1
0x397f3a7d06e	19	0
0x397f3a7da32	20	0
0x397f3a7e3f6	26	0
0x397f4404cbc	16	0
0x397f44066c6	19	0
0x397f44070be	20	0
0x397f4407a4e	26	0
0x397f4d8e480	16	1
0x397f4d8f11e	19	0
0x397f4d908eb	20	0
0x397f4d912af	26	0
0x397f571796c	16	0
0x397f5719377	19	0
0x397f5719d6f	20	0
0x397f571a733	26	0
0x397f60a1094	16	1
0x397f60a1e36	19	0
0x397f60a373c	20	0
0x397f60a419d	26	0
0x397f6a2a650	16	0
0x397f6a2c027	19	0
0x397f6a2c9eb	20	0
0x397f6a2d3af	26	0
0x397f73b3ca9	16	1
0x397f73b5750	19	0
0x397f73b6114	20	0
0x397f73b6aa3	26	0
0x397f7d3d39d	16	0
0x397f7d3eda8	19	0
0x397f7d3f7d4	20	0
0x397f7d40164	26	0
0x397f86c69f5	16	1
0x397f86c849c	19	0
0x397f86c897e	20	0
0x397f86ca0b0	26	0
0x397f905011e	16	0
0x397f9050e57	19	0
0x397f9052625	20	0
0x397f9053051	26	0
0x397f99d96a6	16	1
0x397f99db118	19	0
0x397f99dbaa8	20	0
0x397f99dc438	26	0
0x397fa362d32	16	0
0x397fa364771	19	0
0x397fa36519d	20	0
0x397fa365b2d	26	0
0x397facec3f2	16	1
0x397facedecd	19	0
0x397facee3af	20	0
0x397facefae1	26	0
0x397fb675a4a	16	0
0x397fb677421	19	0
0x397fb677e4d	20	0
0x397fb678811	26	0
0x397fbfff173	16	1
0x397fbfffee0	19	0
0x397fc00174a	20	0
0x397fc002177	26	0
0x397fc9886c7	16	0
0x397fc98a13a	19	0
0x397fc98ab66	20	0
0x397fc98b52a	26	0
0x397fd311d87	16	1
0x397fd313792	19	0
0x397fd314156	20	0
0x397fd314b1a	26	0
0x397fdc9b413	16	0
0x397fdc9cdea	19	0
0x397fdc9d7ae	20	0
0x397fdc9e13e	26	0
0x397fe624b08	16	1
0x397fe62657b	19	0
0x397fe626f73	20	0
0x397fe627903	26	0
0x397fefae509	16	0
0x397fefaf4e8	19	0
0x397fefafe44	20	0
0x397fefb181a	26	0
0x397ff937820	16	1
0x397ff93858e	19	0
0x397ff939dc4	20	0
0x397ff93a7bc	26	0
0x398002c0ee1	16	0
0x398002c2988	19	0
0x398002c2e6a	20	0
0x398002c459b	26	0
0x39800c4a49d	16	1
0x39800c4bea7	19	0
0x39800c4c86b	20	0
0x39800c4d1fb	26	0
0x398015d3b5d	16	0
0x398015d5568	19	0
0x398015d5f60	20	0
0x398015d68f0	26	0
0x39801f5d2ee	16	1
0x39801f5e027	19	0
0x39801f5f85d	20	0
0x39801f60289	26	0
0x398028e68aa	16	0
0x398028e8351	19	0
0x398028e87fe	20	0
0x398028e9f30	26	0
0x3980326fe9a	16	1
0x398032718a4	19	0
0x39803272268	20	0
0x39803272c2c	26	0
0x39803bf955a	16	0
0x39803bfaf65	19	0
0x39803bfb991	20	0
0x39803bfc355	26	0
0x39804582bb2	16	1
0x3980458468d	19	0
0x39804585085	20	0
0x39804585a49	26	0
0x39804f0c30f	16	0
0x39804f0d048	19	0
0x39804f0e8b2	20	0
0x39804f0f2de	26	0
0x398058958ff	16	1
0x398058973a6	19	0
0x39805897888	20	0
0x39805898f85	26	0
0x3980621eeef	16	0
0x3980622092e	19	0
0x39806221326	20	0
0x39806221cea	26	0
0x39806ba864b	16	1
0x39806baa056	19	0
0x39806baaa4e	20	0
0x39806bab412	26	0
0x39807531ca4	16	0
0x39807533646	19	0
0x3980753400a	20	0
0x398075349ce	26	0
0x39807ebb398	16	1
0x39807ebc106	19	0
0x39807ebd93b	20	0
0x39807ebe39c	26	0
0x39808844920	16	0
0x398088463fb	19	0
0x39808846911	20	0
0x39808848042	26	0
0x398091cdfe0	16	1
0x398091cfabb	19	0
0x398091cff9d	20	0
0x398091d1737	26	0
0x39809b57638	16	0
0x39809b58fdb	19	0
0x39809b599d3	20	0
0x39809b5a397	26	0
0x3980a4e0cf9	16	1
0x3980a4e283c	19	0
0x3980a4e2d52	20	0
0x3980a4e374a	26	0
0x3980ae6a2e9	16	0
0x3980ae6bdc4	19	0
0x3980ae6c7bc	20	0
0x3980ae6d180	26	0
0x3980b7f3a11	16	1
0x3980b7f5520	19	0
0x3980b7f5a02	20	0
0x3980b7f7134	26	0
0x3980c17d035	16	0
0x3980c17ea0c	19	0
0x3980c17f39c	20	0
0x3980c17fd2c	26	0
0x3980cb0668e	16	1
0x3980cb08100	19	0
0x3980cb08ac4	20	0
0x3980cb094bd	26	0
0x3980d48fe1e	16	0
0x3980d490abb	19	0
0x3980d4923c2	20	0
0x3980d492d86	26	0
0x3980de19547	16	1
0x3980de1a280	19	0
0x3980de1ba82	20	0
0x3980de1c412	26	0
0x3980e7a2acf	16	0
0x3980e7a43d5	19	0
0x3980e7a4e01	20	0
0x3980e7a5729	26	0
0x3980f12c0f3	16	1
0x3980f12dac9	19	0
0x3980f12e48d	20	0
0x3980f12edb5	26	0
0x3980fab57b3	16	0
0x3980fab7156	19	0
0x3980fab7b4e	20	0
0x3980fab8475	26	0
0x3981043ee73	16	1
0x39810440816	19	0
0x3981044120e	20	0
0x39810441b36	26	0
0x39810dc8534	16	0
0x39810dc9205	19	0
0x39810dcab74	20	0
0x39810dcb5d4	26	0
0x39811751b24	16	1
0x398117534fa	19	0
0x39811753ef3	20	0
0x398117547e6	26	0
0x398120db17c	16	0
0x398120dcab6	19	0
0x398120dd4e3	20	0
0x398120dddd6	26	0
0x39812a6483c	16	1
0x39812a661ab	19	0
0x39812a66bd7	20	0
0x39812a674ff	26	0
0x398133ede95	16	0
0x398133ef79b	19	0
0x398133f01c7	20	0
0x398133f0abb	26	0
0x39813d77555	16	1
0x39813d78f2c	19	0
0x39813d798f0	20	0
0x39813d7a217	26	0
0x39814700d82	16	0
0x39814701983	19	0
0x39814703289	20	0
0x39814703c4d	26	0
0x3981508a239	16	1
0x3981508bc44	19	0
0x3981508c63c	20	0
0x3981508cf30	26	0
0x39815a138c6	16	0
0x39815a151cc	19	0
0x39815a15bf8	20	0
0x39815a164ec	26	0
0x3981639cf1e	16	1
0x3981639e8f4	19	0
0x3981639f2ed	20	0
0x3981639fbe0	26	0
0x39816d265de	16	0
0x39816d27f19	19	0
0x39816d28911	20	0
0x39816d29238	26	0
0x398176afd3b	16	1
0x398176b09d8	19	0
0x398176b2242	20	0
0x398176b2c06	26	0
0x398180392c3	16	0
0x3981803abc9	19	0
0x3981803b5c1	20	0
0x3981803beb5	26	0
0x398189c294f	16	1
0x398189c42bd	19	0
0x398189c4c81	20	0
0x398189c5575	26	0
0x3981934bfa7	16	0
0x3981934d8e1	19	0
0x3981934e30e	20	0
0x3981934ec01	26	0
0x39819cd5667	16	1
0x39819cd70a6	19	0
0x39819cd7588	20	0
0x39819cd8c52	26	0
0x3981a65ec58	16	0
0x3981a6605c6	19	0
0x3981a660fbe	20	0
0x3981a6618e6	26	0
0x3981afe82e4	16	1
0x3981afe9cba	19	0
0x3981afea6b2	20	0
0x3981afeafda	26	0
0x3981b9719a4	16	0
0x3981b973313	19	0
0x3981b973d0b	20	0
0x3981b9745fe	26	0
0x3981c2faffc	16	1
0x3981c2fc9d3	19	0
0x3981c2fd397	20	0
0x3981c2fdcbf	26	0
0x3981cc846bd	16	0
0x3981cc85fc3	19	0
0x3981cc869bb	20	0
0x3981cc872e3	26	0
0x3981d60dde5	16	1
0x3981d60f754	19	0
0x3981d60fc36	20	0
0x3981d6112ff	26	0
0x3981df9743d	16	0
0x3981df98e7c	19	0
0x3981df993c6	20	0
0x3981df9aa90	26	0
0x3981e920a2d	16	1
0x3981e922438	19	0
0x3981e92294e	20	0
0x3981e923fe3	26	0
0x3981f2aa0ba	16	0
0x3981f2aba28	19	0
0x3981f2ac3ec	20	0
0x3981f2acce0	26	0
0x3981fc33746	16	1
0x3981fc3511d	19	0
0x3981fc35b49	20	0
0x3981fc3643c	26	0
0x398205bcd9e	16	0
0x398205be70d	19	0
0x398205bf105	20	0
0x398205bf9f8	26	0
0x39820f4645e	16	1
0x39820f47e69	19	0
0x39820f4834b	20	0
0x39820f499ac	26	0
0x398218cfa4f	16	0
0x398218d1355	19	0
0x398218d1d81	20	0
0x398218d26a9	26	0
0x398222590db	16	1
0x3982225aa7d	19	0
0x3982225b475	20	0
0x3982225bd9d	26	0
0x39822be279b	16	0
0x39822be4172	19	0
0x39822be4b6a	20	0
0x39822be5492	26	0
0x3982356be27	16	1
0x3982356d796	19	0
0x3982356e15a	20	0
0x3982356ea4d	26	0
0x39823ef54e8	16	0
0x39823ef6e56	19	0
0x39823ef784e	20	0
0x39823ef8142	26	0
0x3982487eb0c	16	1
0x398248804e2	19	0
0x39824880ea6	20	0
0x3982488179a	26	0
0x39825208268	16	0
0x39825208f3a	19	0
0x3982520a840	20	0
0x3982520b238	26	0
0x39825b918f5	16	1
0x39825b9262e	19	0
0x39825b93e98	20	0
0x39825b94828	26	0
0x3982651aee5	16	0
0x3982651c853	19	0
0x3982651d24b	20	0
0x3982651db3f	26	0
0x39826ea44d5	16	1
0x39826ea5e77	19	0
0x39826ea686f	20	0
0x39826ea7163	26	0
0x3982782dbc9	16	0
0x3982782f56c	19	0
0x3982782ff98	20	0
0x398278308c0	26	0
0x398281b7221	16	1
0x398281b8c60	19	0
0x398281b968c	20	0
0x398281b9fb4	26	0
0x39828b409b2	16	0
0x39828b42320	19	0
0x39828b42837	20	0
0x39828b43f68	26	0
0x398294c9f3a	16	1
0x398294cba15	19	0
0x398294cbef7	20	0
0x398294cd5f4	26	0
0x39829e536ff	16	0
0x39829e5446c	19	0
0x39829e55d3e	20	0
0x39829e56736	26	0
0x3982a7dcc1e	16	1
0x3982a7de58d	19	0
0x3982a7def51	20	0
0x3982a7df879	26	0
0x3982b166313	16	0
0x3982b167c4d	19	0
0x3982b168611	20	0
0x3982b168f05	26	0
0x3982baef96b	16	1
0x3982baf147a	19	0
0x3982baf195c	20	0
0x3982baf3059	26	0
0x3982c47902b	16	0
0x3982c47a966	19	0
0x3982c47b35e	20	0
0x3982c47bc51	26	0
0x3982ce02684	16	1
0x3982ce040c2	19	0
0x3982ce045a4	20	0
0x3982ce05ca2	26	0
0x3982d78bd10	16	0
0x3982d78d67e	19	0
0x3982d78e076	20	0
0x3982d78e96a	26	0
0x3982e115300	16	1
0x3982e116cd6	19	0
0x3982e1176ce	20	0
0x3982e117fc2	26	0
0x3982ea9e98c	16	0
0x3982eaa0292	19	0
0x3982eaa0cbe	20	0
0x3982eaa15b2	26	0
0x3982f427f7c	16	1
0x3982f4299bb	19	0
0x3982f42a3b3	20	0
0x3982f42acdb	26	0
0x3982fdb163c	16	0
0x3982fdb2edb	19	0
0x3982fdb389f	20	0
0x3982fdb4192	26	0
0x3983073acfd	16	1
0x3983073c66b	19	0
0x3983073d02f	20	0
0x3983073d923	26	0
0x398310c4389	16	0
0x398310c5cf7	19	0
0x398310c66f0	20	0
0x398310c6fe3	26	0
0x39831a4d9e1	16	1
0x39831a4f384	19	0
0x39831a4fd48	20	0
0x39831a50670	26	0
0x398323d70d6	16	0
0x398323d89a8	19	0
0x398323d93a0	20	0
0x398323d9c94	26	0
0x39832d60762	16	1
0x39832d62104	19	0
0x39832d62ac8	20	0
0x39832d633f0	26	0
0x398336e9d86	16	0
0x398336eb729	19	0
0x398336ec0ed	20	0
0x398336ec9e0	26	0
0x39834073446	16	1
0x39834074e1d	19	0
0x398340757e1	20	0
0x39834076109	26	0
0x398349fcad3	16	0
0x398349fe3d9	19	0
0x398349fedd1	20	0
0x398349ff6f9	26	0
0x3983538612b	16	1
0x39835387b36	19	0
0x39835388596	20	0
0x39835388ebe	26	0
0x39835d0f71b	16	0
0x39835d11055	19	0
0x39835d11ab5	20	0
0x39835d123dd	26	0
0x39836698e43	16	1
0x3983669a81a	19	0
0x3983669b1de	20	0
0x3983669bb06	26	0
0x39837022467	16	0
0x39837023e0a	19	0
0x398370247ce	20	0
0x398370250c2	26	0
0x398379abbf8	16	1
0x398379ac82d	19	0
0x398379adfc7	20	0
0x398379ae98b	26	0
0x39838335284	16	0
0x39838335f22	19	0
0x39838337758	20	0
0x39838338150	26	0
0x39838cbe80c	16	1
0x39838cc01e3	19	0
0x39838cc0b73	20	0
0x39838cc149b	26	0
0x39839647ecd	16	0
0x398396497d3	19	0
0x3983964a1ff	20	0
0x3983964aaf3	26	0
0x39839fd1559	16	1
0x39839fd2f64	19	0
0x39839fd395c	20	0
0x39839fd4283	26	0
0x3983a95abe5	16	0
0x3983a95c4eb	19	0
0x3983a95cf18	20	0
0x3983a95d80b	26	0
0x3983b2e42a6	16	1
0x3983b2e5d81	19	0
0x3983b2e6263	20	0
0x3983b2e7994	26	0
0x3983bc6d932	16	0
0x3983bc6e73c	19	0
0x3983bc7031b	20	0
0x3983bc707fd	26	0
0x3983c5f7675	16	1
0x3983c5f87c0	19	0
0x3983c5f938d	20	0
0x3983c5fd166	26	0
0x3983cf80853	16	0
0x3983cf81902	19	0
0x3983cf82292	20	0
0x3983cf83afc	26	0
0x3983d909ca3	16	1
0x3983d90a974	19	0
0x3983d90c212	20	0
0x3983d90cba2	26	0
0x3983e293397	16	0
0x3983e293f98	19	0
0x3983e2957ce	20	0
0x3983e2961fa	26	0
0x3983ec1c91f	16	1
0x3983ec1e42e	19	0
0x3983ec1e910	20	0
0x3983ec20075	26	0
0x3983f5a607b	16	0
0x3983f5a6cb0	19	0
0x3983f5a84b2	20	0
0x3983f5a8ede	26	0
0x3983ff2f603	16	1
0x3983ff31076	19	0
0x3983ff3158c	20	0
0x3983ff32cbe	26	0
